First Name,Last Name,Full Name,Email,Address Company,Address City,Address Province,Address Zip,Phone
James,Henderson,James Henderson,henderson.james@gmail.com,"B19 L75 Pollard Village Phase 3, Banaba Street",Butuan,Agusan del Norte,8600,+63 9110064701
Michele,Flowers,Michele Flowers,flowers.michele@gmail.com,"B03 L86 Berg Estates, Holmes Avenue",Cabadbaran,Agusan del Norte,8603,+63 9348603063
Leonard,Johnson,Leonard Johnson,johnson.leonard@gmail.com,"B08 L34 Bauhinia Cove 8, Halcon Street",Cabadbaran,Agusan del Norte,8603,+63 9680699446
Levi,Keller,Levi Keller,keller.levi@gmail.com,"18F Atis Building 6, 5994 Becker Street",Cabadbaran,Agusan del Norte,8603,+63 9865297515
Richard,Combs,Richard Combs,combs.richard@gmail.com,"B01 L92 Jasper Road, Black Homes",Cabadbaran,Agusan del Norte,8603,+63 9910659733
Melvin,Andrews,Melvin Andrews,andrews.melvin@gmail.com,6652 87th Road,Cabadbaran,Agusan del Norte,8603,+63 9940189435
Todd,Nixon,Todd Nixon,nixon.todd@gmail.com,4532 Unit E Zircon Street,Cabadbaran,Agusan del Norte,8603,+63 9751441939
Shane,Oliver,Shane Oliver,oliver.shane@gmail.com,"6767 Intsia Drive Extension, Cain Village 9",Butuan,Agusan del Norte,8600,+63 9258586605
Amanda,Johnston,Amanda Johnston,johnston.amanda@gmail.com,897-I Mariveles Road,Butuan,Agusan del Norte,8600,+63 9236408198
John,Cox,John Cox,cox.john@gmail.com,2786 Topaz Road,Butuan,Agusan del Norte,8600,+63 9651828017
Jaime,Green,Jaime Green,green.jaime@gmail.com,"Block 02 Lot 32 Santol Village 7, Piña Street",Cabadbaran,Agusan del Norte,8603,+63 9256697347
Robert,Miller,Robert Miller,miller.robert@gmail.com,"Block 10 Lot 92 Carissa Estates, Tanguile Road",Butuan,Agusan del Norte,8600,+63 9273702291
Susan,Douglas,Susan Douglas,douglas.susan@gmail.com,9003 Unit A Gladiola Road,Cabadbaran,Agusan del Norte,8603,+63 9396685068
Rachel,Sullivan,Rachel Sullivan,sullivan.rachel@gmail.com,"Unit 237 Sierra Madre Condominiums 9, 5629 Guijo Street",Butuan,Agusan del Norte,8600,+63 9822275227
Gary,Davis,Gary Davis,davis.gary@gmail.com,6110-B Matumtum Street,Cabadbaran,Agusan del Norte,8603,+63 9631144724
Laura,White,Laura White,white.laura@gmail.com,4785 Sanchez Road,Cabadbaran,Agusan del Norte,8603,+63 9813325953
Monica,Hill,Monica Hill,hill.monica@gmail.com,"Unit 238 Smith Place, 171 36th Road",Cabadbaran,Agusan del Norte,8603,+63 9741611654
Samantha,Chen,Samantha Chen,chen.samantha@gmail.com,9621 Romero Boulevard,Cabadbaran,Agusan del Norte,8603,+63 9237775750
Judith,Miranda,Judith Miranda,miranda.judith@gmail.com,5136 Williams Avenue,Cabadbaran,Agusan del Norte,8603,+63 9909174265
Brittany,Newton,Brittany Newton,newton.brittany@gmail.com,8864 Gemini Drive,Butuan,Agusan del Norte,8600,+63 9193280317
Jose,Walker,Jose Walker,walker.jose@gmail.com,"9262 Anahaw Road, Burton Grove 1",Butuan,Agusan del Norte,8600,+63 9181238118
Jesse,Owen,Jesse Owen,owen.jesse@gmail.com,428A Atis Street,Cabadbaran,Agusan del Norte,8603,+63 9380586444
Ryan,Gonzalez,Ryan Gonzalez,gonzalez.ryan@gmail.com,3476 Apo Drive,Butuan,Agusan del Norte,8600,+63 9376744686
Lisa,Brown,Lisa Brown,brown.lisa@gmail.com,8409 Davidson Road,Butuan,Agusan del Norte,8600,+63 9563409334
Antonio,Hill,Antonio Hill,hill.antonio@gmail.com,"B06 L57 Dita Extension, Guerra Village 2",Cabadbaran,Agusan del Norte,8603,+63 9635759336
Tony,Guzman,Tony Guzman,guzman.tony@gmail.com,"Block 10 Lot 96 Acosta Drive, Hernandez Subdivision 9",Butuan,Agusan del Norte,8600,+63 9497404631
Leslie,Klein,Leslie Klein,klein.leslie@gmail.com,"Room 1936 Aries Building 6, 1993 Libra Road",Butuan,Agusan del Norte,8600,+63 9902824262
Michael,Stephens,Michael Stephens,stephens.michael@gmail.com,"4049 4th Drive Extension, Anonas Grove 5",Cabadbaran,Agusan del Norte,8603,+63 9764545392
Rebecca,Morris,Rebecca Morris,morris.rebecca@gmail.com,"3F Mayon Suites, 3134 Milflower Drive",Butuan,Agusan del Norte,8600,+63 9746264081
Gregory,Miller,Gregory Miller,miller.gregory@gmail.com,"B23 L03 Stevens Village Phase 4, Galaxy Extension",Cabadbaran,Agusan del Norte,8603,+63 9740973688
Cassandra,Reyes,Cassandra Reyes,reyes.cassandra@gmail.com,"9954 Sagittarius Street, Baticulin Estates",Butuan,Agusan del Norte,8600,+63 9244956943
Amber,Gonzalez,Amber Gonzalez,gonzalez.amber@gmail.com,3142-I Pollard Avenue,Butuan,Agusan del Norte,8600,+63 9253274198
Shaun,Garcia,Shaun Garcia,garcia.shaun@gmail.com,7495 Molave Avenue,Cabadbaran,Agusan del Norte,8603,+63 9665229960
Jacqueline,Brown,Jacqueline Brown,brown.jacqueline@gmail.com,4185-I Sagittarius Drive,Butuan,Agusan del Norte,8600,+63 9241255659
Ariel,Mccann,Ariel Mccann,mccann.ariel@gmail.com,"2886 Juno Road, Reed Village",Butuan,Agusan del Norte,8600,+63 9927296813
Jessica,Wilson,Jessica Wilson,wilson.jessica@gmail.com,"1248 Bulusan Avenue, Woods Subdivision",Bayugan,Agusan del Sur,8502,+63 9479857703
Jon,Harvey,Jon Harvey,harvey.jon@gmail.com,"B21 L22 Sicaba Drive, Bouganvilla Grove Phase 1",Bayugan,Agusan del Sur,8502,+63 9428642039
Jacob,Cruz,Jacob Cruz,cruz.jacob@gmail.com,5641 E Howard Drive,Prosperidad,Agusan del Sur,8500,+63 9304174028
Justin,Johnson,Justin Johnson,johnson.justin@gmail.com,5828 Kanlaon Avenue,Bayugan,Agusan del Sur,8502,+63 9754027237
John,Ramos,John Ramos,ramos.john@gmail.com,"Block 21 Lot 81 9th Boulevard Extension, Apo Grove 8",Prosperidad,Agusan del Sur,8500,+63 9136351984
Joshua,Smith,Joshua Smith,smith.joshua@gmail.com,1850 Unit H Ruby Road,Bayugan,Agusan del Sur,8502,+63 9874159980
Sabrina,Dominguez,Sabrina Dominguez,dominguez.sabrina@gmail.com,3620 Unit J Pandan Avenue,Prosperidad,Agusan del Sur,8500,+63 9741041074
Toni,Moreno,Toni Moreno,moreno.toni@gmail.com,"5th Floor Sloan Place Tower 9, 863 80th Avenue",Prosperidad,Agusan del Sur,8500,+63 9459818802
Paul,Owens,Paul Owens,owens.paul@gmail.com,"Block 20 Lot 02 Caraballo Road Extension, Livingston Estates 7",Bayugan,Agusan del Sur,8502,+63 9822098845
Paula,Cross,Paula Cross,cross.paula@gmail.com,9046 Rodriguez Street,Prosperidad,Agusan del Sur,8500,+63 9955025452
Natalie,Bush,Natalie Bush,bush.natalie@gmail.com,"7758 95th Avenue, Wolf Village",Bayugan,Agusan del Sur,8502,+63 9441315394
Aaron,Smith,Aaron Smith,smith.aaron@gmail.com,"5960 42nd Road, Hercules Subdivision",Prosperidad,Agusan del Sur,8500,+63 9317070525
Colleen,Carpenter,Colleen Carpenter,carpenter.colleen@gmail.com,"9090 6th Street, Mercury Village",Bayugan,Agusan del Sur,8502,+63 9111169316
Elizabeth,Harper,Elizabeth Harper,harper.elizabeth@gmail.com,"9029 Woods Street, Scorpio Homes",Prosperidad,Agusan del Sur,8500,+63 9479412350
Anthony,Smith,Anthony Smith,smith.anthony@gmail.com,2025 Antares Drive Extension,Bayugan,Agusan del Sur,8502,+63 9808750900
Austin,Anderson,Austin Anderson,anderson.austin@gmail.com,"B16 L15 Camia Grove, Polaris Drive Extension",Bayugan,Agusan del Sur,8502,+63 9654429215
Cody,Robinson,Cody Robinson,robinson.cody@gmail.com,"Block 07 Lot 63 Molave Boulevard, Oleander Homes",Bayugan,Agusan del Sur,8502,+63 9386721253
Pamela,Ruiz,Pamela Ruiz,ruiz.pamela@gmail.com,663 A Leo Drive,Prosperidad,Agusan del Sur,8500,+63 9732804161
Nicole,Olson,Nicole Olson,olson.nicole@gmail.com,1053 Piña Avenue,Prosperidad,Agusan del Sur,8500,+63 9409715653
John,Duran,John Duran,duran.john@gmail.com,6923 Topaz Street,Bayugan,Agusan del Sur,8502,+63 9334651481
Latoya,Underwood,Latoya Underwood,underwood.latoya@gmail.com,"3029 Scorpio Avenue, Richardson Cove",Prosperidad,Agusan del Sur,8500,+63 9832654068
Laura,Delacruz,Laura Delacruz,delacruz.laura@gmail.com,4628 Galaxy Avenue,Prosperidad,Agusan del Sur,8500,+63 9297397633
Robin,Cruz,Robin Cruz,cruz.robin@gmail.com,"Room 4238 Lapis Lazuli Towers 5, 7570 Scorpio Road Extension",Bayugan,Agusan del Sur,8502,+63 9572149520
Bernard,Davis,Bernard Davis,davis.bernard@gmail.com,3726 Cunningham Road,Bayugan,Agusan del Sur,8502,+63 9927216746
Johnny,Callahan,Johnny Callahan,callahan.johnny@gmail.com,"4844 Campanilla Street, Piña Cove",Prosperidad,Agusan del Sur,8500,+63 9778217723
Natalie,Marquez,Natalie Marquez,marquez.natalie@gmail.com,"4F Polaris Condominiums Tower 6, 7857 Citrine Street",Prosperidad,Agusan del Sur,8500,+63 9860461796
Ashley,Brown,Ashley Brown,brown.ashley@gmail.com,"5709 93rd Avenue Extension, Johnson Subdivision 3",Bayugan,Agusan del Sur,8502,+63 9512935851
Cynthia,Hicks,Cynthia Hicks,hicks.cynthia@gmail.com,3914 45th Avenue,Prosperidad,Agusan del Sur,8500,+63 9817772115
Cassandra,Townsend,Cassandra Townsend,townsend.cassandra@gmail.com,3156 G Lanzones Street,Prosperidad,Agusan del Sur,8500,+63 9676213305
Angela,Glover,Angela Glover,glover.angela@gmail.com,"5th Floor Gonzales Building, 6080 Juno Avenue",Bayugan,Agusan del Sur,8502,+63 9664019953
Roger,Miranda,Roger Miranda,miranda.roger@gmail.com,7153 Venus Avenue,Bayugan,Agusan del Sur,8502,+63 9427532705
James,Lane,James Lane,lane.james@gmail.com,8001-G Amber Road,Prosperidad,Agusan del Sur,8500,+63 9866822949
Martha,Jenkins,Martha Jenkins,jenkins.martha@gmail.com,"B25 L44 Earth Drive, Lucas Subdivision 5",Prosperidad,Agusan del Sur,8500,+63 9143536206
Shawn,Morgan,Shawn Morgan,morgan.shawn@gmail.com,"B21 L87 Hanson Estates Phase 2, Agoho Road",Bayugan,Agusan del Sur,8502,+63 9511431521
Edwin,Baird,Edwin Baird,baird.edwin@gmail.com,"1846 Cordillera Street, Jones Estates 4",Prosperidad,Agusan del Sur,8500,+63 9109197490
Bryan,Massey,Bryan Massey,massey.bryan@gmail.com,"6464 Uranus Road, Dita Homes",Bayugan,Agusan del Sur,8502,+63 9706617958
Deanna,Kramer,Deanna Kramer,kramer.deanna@gmail.com,8386 Unit E Harrington Road Extension,Prosperidad,Agusan del Sur,8500,+63 9746674171
Matthew,Floyd,Matthew Floyd,floyd.matthew@gmail.com,2937 Caballero Road,Bayugan,Agusan del Sur,8502,+63 9535452624
Jill,George,Jill George,george.jill@gmail.com,8687-B Lumbayao Extension,Prosperidad,Agusan del Sur,8500,+63 9162964330
Jeffrey,Vance,Jeffrey Vance,vance.jeffrey@gmail.com,"Block 24 Lot 04 7th Extension, Allen Grove 4",Isabela,Basilan,7300,+63 9665971013
Andrea,Diaz,Andrea Diaz,diaz.andrea@gmail.com,"Unit 511 Banuyo Suites 2, 4411 Bulusan Avenue",Lamitan,Basilan,7302,+63 9708811838
Michael,Vargas,Michael Vargas,vargas.michael@gmail.com,9469I Mustard Expressway,Lamitan,Basilan,7302,+63 9387503172
Mitchell,Roberts,Mitchell Roberts,roberts.mitchell@gmail.com,"Block 04 Lot 30 Reid Extension, Morgan Village Phase 1",Isabela,Basilan,7300,+63 9254777896
Kevin,Evans,Kevin Evans,evans.kevin@gmail.com,9629 Aquarius Street,Lamitan,Basilan,7302,+63 9273424258
Jill,Lee,Jill Lee,lee.jill@gmail.com,"Unit 1904 Pao Residences, 4647 Walter Drive",Lamitan,Basilan,7302,+63 9751663709
Hannah,Gould,Hannah Gould,gould.hannah@gmail.com,"Block 16 Lot 24 57th Street, Caraballo Village",Lamitan,Basilan,7302,+63 9948745073
Marcus,Lloyd,Marcus Lloyd,lloyd.marcus@gmail.com,"Block 19 Lot 91 Caballero Road Extension, Hickman Subdivision 6",Lamitan,Basilan,7302,+63 9142989530
Jeffrey,Gray,Jeffrey Gray,gray.jeffrey@gmail.com,"Block 13 Lot 25 Allen Grove Phase 4, Jasmine Drive",Isabela,Basilan,7300,+63 9476550001
Benjamin,Coleman,Benjamin Coleman,coleman.benjamin@gmail.com,7596 Young Avenue,Lamitan,Basilan,7302,+63 9566731182
Angela,Hernandez,Angela Hernandez,hernandez.angela@gmail.com,"6639 Matumtum Drive, Dapdap Subdivision",Lamitan,Basilan,7302,+63 9655037691
Anna,Casey,Anna Casey,casey.anna@gmail.com,"Block 02 Lot 63 Mclaughlin Homes 9, Bouganvilla Extension",Isabela,Basilan,7300,+63 9471780246
Heather,Holland,Heather Holland,holland.heather@gmail.com,1324 E Carrot Highway,Isabela,Basilan,7300,+63 9880856848
Lee,Cox,Lee Cox,cox.lee@gmail.com,"Room 2818 Wyatt Apartments, 2877 Gonzalez Drive",Isabela,Basilan,7300,+63 9623056955
Annette,Harrison,Annette Harrison,harrison.annette@gmail.com,1727 Taylor Drive,Isabela,Basilan,7300,+63 9208195664
Samuel,Schmidt,Samuel Schmidt,schmidt.samuel@gmail.com,4552 Tucker Street,Lamitan,Basilan,7302,+63 9377627635
Timothy,Friedman,Timothy Friedman,friedman.timothy@gmail.com,6585 Earth Road,Isabela,Basilan,7300,+63 9482903823
Morgan,Galvan,Morgan Galvan,galvan.morgan@gmail.com,2571 Unit H Neptune Street,Lamitan,Basilan,7302,+63 9419403921
Alejandro,Howe,Alejandro Howe,howe.alejandro@gmail.com,"Room 1133 Duarte Residences Tower 4, 2093 Larsen Drive",Isabela,Basilan,7300,+63 9153315380
Crystal,Jarvis,Crystal Jarvis,jarvis.crystal@gmail.com,"7th Floor Mushroom Building, 2461 Peridot Street",Isabela,Basilan,7300,+63 9848648816
Dale,Rogers,Dale Rogers,rogers.dale@gmail.com,"Room 402 Matumtum Apartment, 2576 93rd Extension",Isabela,Basilan,7300,+63 9567769024
Michael,Melendez,Michael Melendez,melendez.michael@gmail.com,1323 I 52nd Road,Lamitan,Basilan,7302,+63 9768229260
Andrew,Flores,Andrew Flores,flores.andrew@gmail.com,"12th Floor Cunningham Apartments, 9762 Samat Street",Isabela,Basilan,7300,+63 9230021902
Jonathan,Clay,Jonathan Clay,clay.jonathan@gmail.com,"Block 02 Lot 57 Diamond Service Road, Aguilar Homes Phase 5",Isabela,Basilan,7300,+63 9906364107
Dana,Kemp,Dana Kemp,kemp.dana@gmail.com,3366 Samat Circle,Lamitan,Basilan,7302,+63 9653127073
Erica,Kennedy,Erica Kennedy,kennedy.erica@gmail.com,"Block 08 Lot 28 Apo Highway, Anahaw Estates",Isabela,Basilan,7300,+63 9791395900
Michael,Kelley,Michael Kelley,kelley.michael@gmail.com,"B24 L10 Mercury Road, Opal Homes 3",Isabela,Basilan,7300,+63 9188408581
Amber,Butler,Amber Butler,butler.amber@gmail.com,"7F Barrett Suites, 4467 Turquoise Drive",Lamitan,Basilan,7302,+63 9516911505
Tammie,Lewis,Tammie Lewis,lewis.tammie@gmail.com,"8473 Scorpio Road Extension, Cresta Village Phase 5",Lamitan,Basilan,7302,+63 9951698576
Michael,Compton,Michael Compton,compton.michael@gmail.com,"B08 L13 Hercules Avenue, Schultz Estates 6",Malaybalay,Bukidnon,8700,+63 9587707090
Carolyn,Moss,Carolyn Moss,moss.carolyn@gmail.com,"Block 02 Lot 16 Nipa Drive Extension, Hall Subdivision Phase 7",Malaybalay,Bukidnon,8700,+63 9325560461
Matthew,Compton,Matthew Compton,compton.matthew@gmail.com,"Unit 3016 Pandan Residences Tower 9, 4791 Milflower Road",Malaybalay,Bukidnon,8700,+63 9310853343
Michael,Scott,Michael Scott,scott.michael@gmail.com,"Block 13 Lot 63 Planet Drive Extension, Malone Cove Phase 2",Valencia,Bukidnon,8709,+63 9571724269
Deborah,Gregory,Deborah Gregory,gregory.deborah@gmail.com,"B05 L54 Gonzalez Grove 1, Ruby Boulevard Extension",Malaybalay,Bukidnon,8700,+63 9148049497
Daniel,Lin,Daniel Lin,lin.daniel@gmail.com,"B01 L53 Akle Road, Mitchell Subdivision 2",Malaybalay,Bukidnon,8700,+63 9141022283
Cynthia,Phillips,Cynthia Phillips,phillips.cynthia@gmail.com,"1760 Moody Road, Cresta Homes 8",Valencia,Bukidnon,8709,+63 9374721472
Rebecca,Rogers,Rebecca Rogers,rogers.rebecca@gmail.com,9285 E 31st Street,Valencia,Bukidnon,8709,+63 9616686184
Stephanie,George,Stephanie George,george.stephanie@gmail.com,"B14 L36 Amber Grove, 81st Street",Valencia,Bukidnon,8709,+63 9369968229
Michael,Henderson,Michael Henderson,henderson.michael@gmail.com,5106 Coleman Street,Valencia,Bukidnon,8709,+63 9375066774
Katie,King,Katie King,king.katie@gmail.com,4020 Zodiac Drive Extension,Valencia,Bukidnon,8709,+63 9810298397
Sara,Mendez,Sara Mendez,mendez.sara@gmail.com,6583 Mitchell Street,Valencia,Bukidnon,8709,+63 9789621570
Christopher,Clarke,Christopher Clarke,clarke.christopher@gmail.com,"B08 L37 Palali Road Extension, Warner Village 9",Valencia,Bukidnon,8709,+63 9726819767
Erin,Mitchell,Erin Mitchell,mitchell.erin@gmail.com,9392 Unit E 53rd Street,Valencia,Bukidnon,8709,+63 9615866018
Charles,Griffin,Charles Griffin,griffin.charles@gmail.com,"3121 Leo Drive, Santol Estates",Valencia,Bukidnon,8709,+63 9608631874
Thomas,Davis,Thomas Davis,davis.thomas@gmail.com,"5510 Hibok-Hibok Avenue, Casey Village",Malaybalay,Bukidnon,8700,+63 9632574582
Kathryn,Bartlett,Kathryn Bartlett,bartlett.kathryn@gmail.com,"Unit 3437 Pisces Condominiums, 2063 Ferguson Drive",Malaybalay,Bukidnon,8700,+63 9784982702
Jeffrey,Lyons,Jeffrey Lyons,lyons.jeffrey@gmail.com,"4430 Scorpio Avenue, Brown Grove 2",Valencia,Bukidnon,8709,+63 9129875820
Erik,Swanson,Erik Swanson,swanson.erik@gmail.com,652 Pinatubo Avenue,Valencia,Bukidnon,8709,+63 9919005237
Kristen,Johnson,Kristen Johnson,johnson.kristen@gmail.com,"5865 Sagittarius Street, Mariveles Cove Phase 5",Malaybalay,Bukidnon,8700,+63 9185134634
Dustin,Peterson,Dustin Peterson,peterson.dustin@gmail.com,"4527 63rd Drive, Cauliflower Homes Phase 8",Malaybalay,Bukidnon,8700,+63 9561228399
Morgan,Berry,Morgan Berry,berry.morgan@gmail.com,"Block 10 Lot 81 Galaxy Estates 9, Reeves Extension",Valencia,Bukidnon,8709,+63 9535368103
Warren,Middleton,Warren Middleton,middleton.warren@gmail.com,"B14 L28 Morris Estates, Sparks Avenue",Valencia,Bukidnon,8709,+63 9687285625
Gina,Cervantes,Gina Cervantes,cervantes.gina@gmail.com,5897 Libra Street,Valencia,Bukidnon,8709,+63 9866023777
Pamela,Brown,Pamela Brown,brown.pamela@gmail.com,"4F Venus Towers, 5261 Samat Drive Extension",Kidapawan,Cotabato,9400,+63 9484044931
Mark,Hall,Mark Hall,hall.mark@gmail.com,"8735 95th Drive, Aguilar Cove Phase 2",Kidapawan,Cotabato,9400,+63 9547857313
Jonathan,Clark,Jonathan Clark,clark.jonathan@gmail.com,"Room 313 Cook Towers 9, 1121 Pisces Drive",Kidapawan,Cotabato,9400,+63 9816088443
James,Watson,James Watson,watson.james@gmail.com,"10th Floor Martinez Place, 4943 41st Road",Kidapawan,Cotabato,9400,+63 9400680141
Dylan,Morris,Dylan Morris,morris.dylan@gmail.com,"10th Floor Montgomery Suites 7, 309 Harris Avenue",Kidapawan,Cotabato,9400,+63 9954270618
Cassidy,Weaver,Cassidy Weaver,weaver.cassidy@gmail.com,"B13 L01 Taurus Boulevard, Davidson Cove 2",Kidapawan,Cotabato,9400,+63 9960061646
Veronica,Orr,Veronica Orr,orr.veronica@gmail.com,8881 Unit I Turquoise Street,Kidapawan,Cotabato,9400,+63 9576945771
Michael,Smith,Michael Smith,smith.michael@gmail.com,"Block 11 Lot 14 Kalamansi Expressway, Caraballo Cove Phase 8",Kidapawan,Cotabato,9400,+63 9760404429
Stephanie,Rose,Stephanie Rose,rose.stephanie@gmail.com,7821-J Peridot Highway,Kidapawan,Cotabato,9400,+63 9428167947
Tamara,Gonzalez,Tamara Gonzalez,gonzalez.tamara@gmail.com,6746-D Zodiac Street,Kidapawan,Cotabato,9400,+63 9337387021
Angela,Shepherd,Angela Shepherd,shepherd.angela@gmail.com,"4884 Opal Drive, Avocado Estates 9",Samal,Davao del Norte,8101,+63 9342099374
Dillon,Harris,Dillon Harris,harris.dillon@gmail.com,9429 45th Street,Samal,Davao del Norte,8101,+63 9729506994
Rachel,Brown,Rachel Brown,brown.rachel@gmail.com,6157 Palanan Road,Tagum,Davao del Norte,8100,+63 9124515418
Donna,Reed,Donna Reed,reed.donna@gmail.com,"B01 L80 Mendez Drive, Kalachuchi Homes Phase 1",Samal,Davao del Norte,8101,+63 9556594095
Dana,Johnson,Dana Johnson,johnson.dana@gmail.com,"Room 1210 Harvey Place 2, 1436 37th Drive",Panabo,Davao del Norte,8105,+63 9875376134
Nicole,Shaw,Nicole Shaw,shaw.nicole@gmail.com,"Block 11 Lot 90 Lanzones Grove 5, Carpenter Extension",Tagum,Davao del Norte,8100,+63 9360090622
Robert,Dennis,Robert Dennis,dennis.robert@gmail.com,"7F Phillips Residences, 6747 Benjamin Drive",Tagum,Davao del Norte,8100,+63 9442367546
Carlos,Bradley,Carlos Bradley,bradley.carlos@gmail.com,"B12 L36 36th Road Extension, Virgo Subdivision 7",Tagum,Davao del Norte,8100,+63 9433556609
Tiffany,Kelly,Tiffany Kelly,kelly.tiffany@gmail.com,"B09 L74 Reeves Street, Andromeda Homes",Panabo,Davao del Norte,8105,+63 9113508548
Cheryl,Thomas,Cheryl Thomas,thomas.cheryl@gmail.com,"Block 15 Lot 34 Robles Grove 3, Sierra Madre Street",Samal,Davao del Norte,8101,+63 9702188916
Laura,Henry,Laura Henry,henry.laura@gmail.com,"37F Arellano Condominiums 2, 3087 Aquarius Drive",Panabo,Davao del Norte,8105,+63 9656472934
Tammy,Rogers,Tammy Rogers,rogers.tammy@gmail.com,"7791 Galaxy Road, Virgo Cove Phase 3",Panabo,Davao del Norte,8105,+63 9275411314
Marc,Graves,Marc Graves,graves.marc@gmail.com,"Room 3609 Smith Condominiums 6, 1049 72nd Extension",Tagum,Davao del Norte,8100,+63 9512960303
Charlotte,Lopez,Charlotte Lopez,lopez.charlotte@gmail.com,2849 95th Avenue,Panabo,Davao del Norte,8105,+63 9794592403
Heather,York,Heather York,york.heather@gmail.com,9386-F Moonstone Street,Tagum,Davao del Norte,8100,+63 9828174497
Joshua,Bowers,Joshua Bowers,bowers.joshua@gmail.com,"8987 Citrine Street, Bagtikan Village",Panabo,Davao del Norte,8105,+63 9780812822
Yesenia,Zimmerman,Yesenia Zimmerman,zimmerman.yesenia@gmail.com,9116 Agate Street,Samal,Davao del Norte,8101,+63 9297675002
Curtis,Smith,Curtis Smith,smith.curtis@gmail.com,"9F Pepper Suites 1, 3380 Turquoise Street",Panabo,Davao del Norte,8105,+63 9392201502
Victor,Medina,Victor Medina,medina.victor@gmail.com,"Block 24 Lot 67 Molave Grove 2, Lanzones Service Road",Panabo,Davao del Norte,8105,+63 9555077644
Alex,Quinn,Alex Quinn,quinn.alex@gmail.com,9059 Unit I Talisay Boulevard Extension,Samal,Davao del Norte,8101,+63 9555448064
Monica,Stanton,Monica Stanton,stanton.monica@gmail.com,"3063 Harding Drive, Jasper Cove",Tagum,Davao del Norte,8100,+63 9873367247
Olivia,Gonzalez,Olivia Gonzalez,gonzalez.olivia@gmail.com,"338 Jade Road, Kanlaon Subdivision 6",Panabo,Davao del Norte,8105,+63 9103622933
Dawn,Smith,Dawn Smith,smith.dawn@gmail.com,"B22 L61 64th Avenue, Mcguire Subdivision 2",Tagum,Davao del Norte,8100,+63 9953440741
Debbie,Elliott,Debbie Elliott,elliott.debbie@gmail.com,5419-C Citrine Road,Panabo,Davao del Norte,8105,+63 9617458294
Steven,Lee,Steven Lee,lee.steven@gmail.com,"B16 L65 Kanlaon Street, Avocado Estates Phase 5",Samal,Davao del Norte,8101,+63 9624797554
Rebecca,Banks,Rebecca Banks,banks.rebecca@gmail.com,"8416 Agate Street, Champaca Grove 1",Tagum,Davao del Norte,8100,+63 9703388934
Elizabeth,Lyons,Elizabeth Lyons,lyons.elizabeth@gmail.com,"7th Floor Aranga Place 8, 3020 Hicks Road",Panabo,Davao del Norte,8105,+63 9644999889
Christine,Bates,Christine Bates,bates.christine@gmail.com,"B08 L73 Sardonyx Road, Cook Estates",Panabo,Davao del Norte,8105,+63 9703160869
Amanda,Brooks,Amanda Brooks,brooks.amanda@gmail.com,"10th Floor Barnett Condominiums 8, 8851 64th Service Road",Tagum,Davao del Norte,8100,+63 9902999953
Greg,Henry,Greg Henry,henry.greg@gmail.com,"B16 L70 Mayon Cove 9, Virgo Drive",Samal,Davao del Norte,8101,+63 9338442965
Kimberly,Stevens,Kimberly Stevens,stevens.kimberly@gmail.com,"B04 L11 Piña Cove, Jasper Street",Panabo,Davao del Norte,8105,+63 9774370076
Tamara,Hawkins,Tamara Hawkins,hawkins.tamara@gmail.com,"2251 37th Drive, Cortez Homes",Tagum,Davao del Norte,8100,+63 9706368211
Jonathan,Lewis,Jonathan Lewis,lewis.jonathan@gmail.com,"B05 L72 Brown Subdivision Phase 2, Sunstone Boulevard",Panabo,Davao del Norte,8105,+63 9905809484
James,West,James West,west.james@gmail.com,"3011 Diamond Drive, Kelly Cove Phase 3",Panabo,Davao del Norte,8105,+63 9933972023
Kathryn,Wright,Kathryn Wright,wright.kathryn@gmail.com,"689 Banyan Road, Turquoise Village 4",Tagum,Davao del Norte,8100,+63 9163261465
Leonard,Carter,Leonard Carter,carter.leonard@gmail.com,3245 G 2nd Street,Samal,Davao del Norte,8101,+63 9370622453
Stephanie,Dixon,Stephanie Dixon,dixon.stephanie@gmail.com,7170 Unit J Moonstone Street,Panabo,Davao del Norte,8105,+63 9196657989
Emma,Hill,Emma Hill,hill.emma@gmail.com,"Block 04 Lot 91 Ross Estates 5, Emerald Avenue",Panabo,Davao del Norte,8105,+63 9495139972
Juan,Weber,Juan Weber,weber.juan@gmail.com,"Block 21 Lot 28 Ruby Service Road, Mabolo Estates",Tagum,Davao del Norte,8100,+63 9950054663
Sarah,Hall,Sarah Hall,hall.sarah@gmail.com,613 Unit F Baker Extension,Panabo,Davao del Norte,8105,+63 9283792066
Ryan,West,Ryan West,west.ryan@gmail.com,2 33rd Road,Panabo,Davao del Norte,8105,+63 9862801256
Stacy,Phillips,Stacy Phillips,phillips.stacy@gmail.com,"16F Matumtum Suites, 4869 Akle Road",Panabo,Davao del Norte,8105,+63 9522327436
Jamie,Turner,Jamie Turner,turner.jamie@gmail.com,"8481 Williams Drive, Cypress Subdivision Phase 1",Samal,Davao del Norte,8101,+63 9953532714
Chase,Holmes,Chase Holmes,holmes.chase@gmail.com,"Block 09 Lot 75 21st Street, Mustard Grove Phase 6",Panabo,Davao del Norte,8105,+63 9875681081
Patrick,Haynes,Patrick Haynes,haynes.patrick@gmail.com,378-F Santos Drive,Samal,Davao del Norte,8101,+63 9813262788
Laura,Davis,Laura Davis,davis.laura@gmail.com,8305 Mariveles Drive,Panabo,Davao del Norte,8105,+63 9545533338
Christy,Richards,Christy Richards,richards.christy@gmail.com,2800 Santol Boulevard,Digos,Davao del Sur,8002,+63 9100260277
Crystal,Tran,Crystal Tran,tran.crystal@gmail.com,"4F Constellation Condominiums 4, 5149 79th Street",Digos,Davao del Sur,8002,+63 9928165254
Ronnie,Alexander,Ronnie Alexander,alexander.ronnie@gmail.com,"B03 L53 Galaxy Cove, Jade Drive",Davao City,Davao del Sur,8000,+63 9692727657
Jennifer,Vargas,Jennifer Vargas,vargas.jennifer@gmail.com,"B15 L48 Shaw Village 7, Jacaranda Street",Davao City,Davao del Sur,8000,+63 9745460268
Dakota,Huang,Dakota Huang,huang.dakota@gmail.com,"Unit 3504 Moonstone Apartments, 7534 Atok Drive",Digos,Davao del Sur,8002,+63 9584527360
Amanda,Johnson,Amanda Johnson,johnson.amanda@gmail.com,"Block 04 Lot 64 Smith Estates Phase 3, Simpson Avenue",Davao City,Davao del Sur,8000,+63 9484989599
David,Carter,David Carter,carter.david@gmail.com,"2154 Agate Street, Farmer Cove 3",Davao City,Davao del Sur,8000,+63 9602279953
Matthew,Peters,Matthew Peters,peters.matthew@gmail.com,1285C Piña Avenue,Digos,Davao del Sur,8002,+63 9144419626
Yvonne,Moore,Yvonne Moore,moore.yvonne@gmail.com,"Block 05 Lot 93 Sardonyx Drive, Molave Homes Phase 1",Davao City,Davao del Sur,8000,+63 9957245294
Ryan,Conner,Ryan Conner,conner.ryan@gmail.com,9082C Amethyst Road Extension,Digos,Davao del Sur,8002,+63 9511291514
April,Mcclain,April Mcclain,mcclain.april@gmail.com,2423G Mars Avenue,Digos,Davao del Sur,8002,+63 9713578047
Lori,Martinez,Lori Martinez,martinez.lori@gmail.com,"5190 Ross Road, Harrington Estates 4",Davao City,Davao del Sur,8000,+63 9970679188
Patrick,Smith,Patrick Smith,smith.patrick@gmail.com,"B03 L07 Bradley Grove 8, Samat Street",Davao City,Davao del Sur,8000,+63 9563334566
Angela,Sanders,Angela Sanders,sanders.angela@gmail.com,"B06 L58 Perez Village, Camachile Avenue Extension",Davao City,Davao del Sur,8000,+63 9661591884
Crystal,Hill,Crystal Hill,hill.crystal@gmail.com,"B11 L50 Smith Drive, Clark Village 8",Davao City,Davao del Sur,8000,+63 9257515600
Andrew,Scott,Andrew Scott,scott.andrew@gmail.com,2397 Amethyst Drive,Davao City,Davao del Sur,8000,+63 9775723293
Ronald,Gross,Ronald Gross,gross.ronald@gmail.com,2286 F Sandoval Avenue,Digos,Davao del Sur,8002,+63 9504529990
Kaitlin,Gonzalez,Kaitlin Gonzalez,gonzalez.kaitlin@gmail.com,"5605 Turquoise Road, Planet Grove Phase 7",Digos,Davao del Sur,8002,+63 9468519733
Jeremy,Griffith,Jeremy Griffith,griffith.jeremy@gmail.com,"307 Campanilla Road Extension, Sapphire Subdivision",Digos,Davao del Sur,8002,+63 9261966750
Ryan,Moore,Ryan Moore,moore.ryan@gmail.com,"B02 L04 Clark Village, Topaz Extension",Davao City,Davao del Sur,8000,+63 9890331095
Cynthia,Gordon,Cynthia Gordon,gordon.cynthia@gmail.com,"Block 08 Lot 19 Jones Grove 9, Lowe Drive",Davao City,Davao del Sur,8000,+63 9402137711
Jared,Martin,Jared Martin,martin.jared@gmail.com,6295-E 96th Highway,Davao City,Davao del Sur,8000,+63 9531678337
Alicia,Short,Alicia Short,short.alicia@gmail.com,"B04 L27 39th Boulevard, Comet Homes",Davao City,Davao del Sur,8000,+63 9833137026
Jamie,Young,Jamie Young,young.jamie@gmail.com,"Block 04 Lot 78 Lily Grove Phase 9, Sardonyx Street",Davao City,Davao del Sur,8000,+63 9156432714
Richard,Gutierrez,Richard Gutierrez,gutierrez.richard@gmail.com,"B01 L69 Jasmine Boulevard, Oconnor Grove Phase 5",Digos,Davao del Sur,8002,+63 9159909730
Maria,Sanders,Maria Sanders,sanders.maria@gmail.com,1159E Howell Road,Davao City,Davao del Sur,8000,+63 9202554144
Donna,Ruiz,Donna Ruiz,ruiz.donna@gmail.com,4983 Aranga Drive,Digos,Davao del Sur,8002,+63 9516670363
Kevin,Adams,Kevin Adams,adams.kevin@gmail.com,"Room 311 Saturn Apartment, 2498 Pao Avenue",Digos,Davao del Sur,8002,+63 9574922469
Daniel,Harmon,Daniel Harmon,harmon.daniel@gmail.com,7848C Libra Road,Davao City,Davao del Sur,8000,+63 9849435434
Kenneth,Stevens,Kenneth Stevens,stevens.kenneth@gmail.com,3858 Unit E Khan Street,Digos,Davao del Sur,8002,+63 9783534662
Edward,Park,Edward Park,park.edward@gmail.com,"3686 Champaca Street, Rodriguez Estates 3",Digos,Davao del Sur,8002,+63 9195342692
Mercedes,Joyce,Mercedes Joyce,joyce.mercedes@gmail.com,"B25 L37 Kanlaon Avenue, Galaxy Subdivision Phase 4",Digos,Davao del Sur,8002,+63 9296426535
Cynthia,Warren,Cynthia Warren,warren.cynthia@gmail.com,1828 Neptune Boulevard,Mati,Davao Oriental,8200,+63 9477864334
Cassidy,Conner,Cassidy Conner,conner.cassidy@gmail.com,"Room 612 Juno Place Tower 6, 1013 Coconut Road",Mati,Davao Oriental,8200,+63 9509171244
Barry,Rice,Barry Rice,rice.barry@gmail.com,"4438 4th Road Extension, Mayo Grove",Mati,Davao Oriental,8200,+63 9364102408
Michelle,Swanson,Michelle Swanson,swanson.michelle@gmail.com,7006A Opal Road,Mati,Davao Oriental,8200,+63 9334162892
John,Knight,John Knight,knight.john@gmail.com,"B04 L94 Piña Village, 95th Road",Mati,Davao Oriental,8200,+63 9487765657
Katherine,Mcgee,Katherine Mcgee,mcgee.katherine@gmail.com,6656 Sagittarius Drive Extension,Mati,Davao Oriental,8200,+63 9543153427
Albert,Alexander,Albert Alexander,alexander.albert@gmail.com,3583 Unit J Milky Way Service Road,Mati,Davao Oriental,8200,+63 9569869600
Arthur,Hill,Arthur Hill,hill.arthur@gmail.com,"Block 18 Lot 77 Nichols Cove 4, 98th Drive",Mati,Davao Oriental,8200,+63 9706342010
Elizabeth,Ferguson,Elizabeth Ferguson,ferguson.elizabeth@gmail.com,"42F Pinatubo Towers, 2408 Polaris Avenue",Mati,Davao Oriental,8200,+63 9997774549
Jared,Winters,Jared Winters,winters.jared@gmail.com,"Block 06 Lot 75 Sampaguita Homes, 74th Boulevard Extension",Mati,Davao Oriental,8200,+63 9507157144
Jessica,Barnes,Jessica Barnes,barnes.jessica@gmail.com,"Block 12 Lot 52 Dao Street, Beard Homes Phase 6",Mati,Davao Oriental,8200,+63 9176351195
Bonnie,Butler,Bonnie Butler,butler.bonnie@gmail.com,1488 Pisces Avenue,Iligan,Lanao del Norte,9200,+63 9250388468
Kimberly,Rodriguez,Kimberly Rodriguez,rodriguez.kimberly@gmail.com,"Block 03 Lot 31 35th Road Extension, Piña Subdivision",Iligan,Lanao del Norte,9200,+63 9695756288
Joshua,Castillo,Joshua Castillo,castillo.joshua@gmail.com,8134 Lily Drive,Iligan,Lanao del Norte,9200,+63 9981370233
Ashley,Williams,Ashley Williams,williams.ashley@gmail.com,1060 Topaz Drive,Iligan,Lanao del Norte,9200,+63 9849474600
Kathryn,Smith,Kathryn Smith,smith.kathryn@gmail.com,8117 G Sapphire Highway,Iligan,Lanao del Norte,9200,+63 9170085187
Thomas,Mccullough,Thomas Mccullough,mccullough.thomas@gmail.com,"39 Intsia Road, Matumtum Subdivision",Iligan,Lanao del Norte,9200,+63 9267655798
Deborah,Hernandez,Deborah Hernandez,hernandez.deborah@gmail.com,6514 F Pao Road Extension,Iligan,Lanao del Norte,9200,+63 9921824449
Joel,Marquez,Joel Marquez,marquez.joel@gmail.com,3412-G Onyx Street,Iligan,Lanao del Norte,9200,+63 9519852467
Christina,Morales,Christina Morales,morales.christina@gmail.com,4992-C Palanan Avenue,Iligan,Lanao del Norte,9200,+63 9408507396
Maria,Smith,Maria Smith,smith.maria@gmail.com,"Unit 4230 Ramos Apartment, 3999 74th Road",Iligan,Lanao del Norte,9200,+63 9376823719
Mary,King,Mary King,king.mary@gmail.com,6886 Balete Street,Iligan,Lanao del Norte,9200,+63 9715541633
Sergio,Perkins,Sergio Perkins,perkins.sergio@gmail.com,"Block 17 Lot 61 27th Street, Mayon Village Phase 6",Iligan,Lanao del Norte,9200,+63 9754445043
Sandra,Brown,Sandra Brown,brown.sandra@gmail.com,"B21 L50 Catmon Boulevard, Goodman Cove Phase 3",Iligan,Lanao del Norte,9200,+63 9775196769
Alyssa,Brown,Alyssa Brown,brown.alyssa@gmail.com,"6708 Macopa Street, Squash Homes 9",Iligan,Lanao del Norte,9200,+63 9906088261
Michelle,Cox,Michelle Cox,cox.michelle@gmail.com,"15th Floor Rosas Residences Tower 2, 5592 Sicaba Drive",Iligan,Lanao del Norte,9200,+63 9522172388
Thomas,Thompson,Thomas Thompson,thompson.thomas@gmail.com,"Room 404 Henry Suites Tower 7, 8227 Tran Road",Marawi,Lanao del Sur,9700,+63 9936905805
Benjamin,Morris,Benjamin Morris,morris.benjamin@gmail.com,"Unit 302 Malone Tower, 2305 Moonstone Road",Marawi,Lanao del Sur,9700,+63 9269555496
Brian,Morales,Brian Morales,morales.brian@gmail.com,"Block 18 Lot 88 Pepper Village 3, Amber Avenue",Marawi,Lanao del Sur,9700,+63 9771419850
Anne,Moore,Anne Moore,moore.anne@gmail.com,"Block 18 Lot 51 Coconut Road, Harris Subdivision 3",Marawi,Lanao del Sur,9700,+63 9710095746
Doris,Fisher,Doris Fisher,fisher.doris@gmail.com,"Unit 827 Iriga Suites, 6944 Sardonyx Drive",Marawi,Lanao del Sur,9700,+63 9741981418
Dana,Williams,Dana Williams,williams.dana@gmail.com,"Block 16 Lot 15 Olson Road, Kim Subdivision 8",Marawi,Lanao del Sur,9700,+63 9319136555
Christopher,Butler,Christopher Butler,butler.christopher@gmail.com,"B17 L25 Molina Village Phase 3, Makiling Avenue",Marawi,Lanao del Sur,9700,+63 9253495330
Bradley,Villanueva,Bradley Villanueva,villanueva.bradley@gmail.com,"160 Uranus Road, Baticulin Cove Phase 8",Marawi,Lanao del Sur,9700,+63 9454072350
Jeffrey,Sutton,Jeffrey Sutton,sutton.jeffrey@gmail.com,"B07 L57 Hibok-Hibok Subdivision Phase 3, 82nd Avenue",Marawi,Lanao del Sur,9700,+63 9808857375
Brenda,Smith,Brenda Smith,smith.brenda@gmail.com,"Block 12 Lot 32 Rodriguez Subdivision Phase 4, Mushroom Road",Marawi,Lanao del Sur,9700,+63 9581101952
Patricia,Brown,Patricia Brown,brown.patricia@gmail.com,6438 Kalachuchi Extension,Marawi,Lanao del Sur,9700,+63 9212267633
Sara,Marquez,Sara Marquez,marquez.sara@gmail.com,8745 43rd Street,Marawi,Lanao del Sur,9700,+63 9191056015
Sarah,Brown,Sarah Brown,brown.sarah@gmail.com,3384 Capricorn Expressway,Marawi,Lanao del Sur,9700,+63 9381244222
Stephanie,Miller,Stephanie Miller,miller.stephanie@gmail.com,"B08 L59 Capricorn Grove Phase 6, Coleman Extension",Marawi,Lanao del Sur,9700,+63 9542615558
Misty,Adams,Misty Adams,adams.misty@gmail.com,"2211 Planet Street, Banuyo Village 5",Marawi,Lanao del Sur,9700,+63 9464650443
Gabriel,Chaney,Gabriel Chaney,chaney.gabriel@gmail.com,"B19 L28 11th Street, Heath Estates",Marawi,Lanao del Sur,9700,+63 9478118841
Eric,Cooper,Eric Cooper,cooper.eric@gmail.com,"7067 Kanlaon Boulevard, Johnson Grove Phase 2",Marawi,Lanao del Sur,9700,+63 9879257419
Mark,Roberson,Mark Roberson,roberson.mark@gmail.com,"Block 01 Lot 73 Cox Drive, Yakal Cove Phase 5",Marawi,Lanao del Sur,9700,+63 9964683342
Tiffany,Wright,Tiffany Wright,wright.tiffany@gmail.com,"B08 L07 Balete Estates, Carrot Road",Marawi,Lanao del Sur,9700,+63 9742439422
Kevin,Goodwin,Kevin Goodwin,goodwin.kevin@gmail.com,7957 Unit J Bakawan Drive Extension,Marawi,Lanao del Sur,9700,+63 9329394822
Erin,Olsen,Erin Olsen,olsen.erin@gmail.com,"Unit 236 Mayon Towers, 7279 Sapphire Drive",Marawi,Lanao del Sur,9700,+63 9381796572
Robert,Howell,Robert Howell,howell.robert@gmail.com,"7759 Lewis Road, Bakawan Grove",Cotabato City,Maguindanao del Norte,9600,+63 9490672229
Tina,Garcia,Tina Garcia,garcia.tina@gmail.com,"4F Atis Towers, 8712 60th Road",Cotabato City,Maguindanao del Norte,9600,+63 9834789051
Crystal,Hooper,Crystal Hooper,hooper.crystal@gmail.com,8594D Mata Boulevard,Cotabato City,Maguindanao del Norte,9600,+63 9709547872
Brooke,Cross,Brooke Cross,cross.brooke@gmail.com,"B23 L50 Libra Cove, Sunstone Street",Cotabato City,Maguindanao del Norte,9600,+63 9584761132
Mitchell,Campos,Mitchell Campos,campos.mitchell@gmail.com,"B17 L91 Brown Subdivision 9, Lumbayao Street",Cotabato City,Maguindanao del Norte,9600,+63 9101614089
Cynthia,Garner,Cynthia Garner,garner.cynthia@gmail.com,"Block 05 Lot 01 Ayala Street, Fisher Cove 4",Cotabato City,Maguindanao del Norte,9600,+63 9922985935
John,Tyler,John Tyler,tyler.john@gmail.com,"Block 22 Lot 25 99th Road, Atkins Village 6",Cotabato City,Maguindanao del Norte,9600,+63 9713009565
Steven,Chaney,Steven Chaney,chaney.steven@gmail.com,1886 Celery Street,Cotabato City,Maguindanao del Norte,9600,+63 9101304318
William,Webb,William Webb,webb.william@gmail.com,"1292 Mars Road, Agoho Subdivision 3",Cotabato City,Maguindanao del Norte,9600,+63 9262790186
Sharon,Bennett,Sharon Bennett,bennett.sharon@gmail.com,"8F Amber Place 5, 7208 Kalachuchi Drive",Cotabato City,Maguindanao del Norte,9600,+63 9781985764
Monica,Davis,Monica Davis,davis.monica@gmail.com,9212 67th Street,Cotabato City,Maguindanao del Norte,9600,+63 9377458466
Devin,Gregory,Devin Gregory,gregory.devin@gmail.com,"11F Apo Residences, 5569 Jasmine Street",Cotabato City,Maguindanao del Norte,9600,+63 9403522144
Brenda,Ortiz,Brenda Ortiz,ortiz.brenda@gmail.com,"Unit 1905 Edwards Building Tower 4, 7209 Kamias Street",Cotabato City,Maguindanao del Norte,9600,+63 9283416537
Sharon,Nelson,Sharon Nelson,nelson.sharon@gmail.com,2025A 21st Street,Cotabato City,Maguindanao del Norte,9600,+63 9816446303
John,Bell,John Bell,bell.john@gmail.com,8481 Citrine Street,Cotabato City,Maguindanao del Norte,9600,+63 9740694388
Zachary,Hughes,Zachary Hughes,hughes.zachary@gmail.com,"Unit 707 Sineguelas Place Tower 7, 6816 Tyler Drive",Cotabato City,Maguindanao del Norte,9600,+63 9467395021
Taylor,Ellis,Taylor Ellis,ellis.taylor@gmail.com,3478 A Sardonyx Road,Cotabato City,Maguindanao del Norte,9600,+63 9250247681
Lisa,Schwartz,Lisa Schwartz,schwartz.lisa@gmail.com,2912B Jupiter Drive,General Santos,South Cotabato,9500,+63 9834795019
Roberto,Waters,Roberto Waters,waters.roberto@gmail.com,"B13 L13 Matumtum Drive, Todd Estates Phase 2",General Santos,South Cotabato,9500,+63 9756715628
Brian,Richardson,Brian Richardson,richardson.brian@gmail.com,"B03 L79 Galaxy Road, Orion Grove",General Santos,South Cotabato,9500,+63 9438935317
Brett,Dixon,Brett Dixon,dixon.brett@gmail.com,6185 Dita Street,General Santos,South Cotabato,9500,+63 9765706354
Ashley,Nolan,Ashley Nolan,nolan.ashley@gmail.com,"2604 Garnet Road, Elliott Estates 1",General Santos,South Cotabato,9500,+63 9708824135
Thomas,Murphy,Thomas Murphy,murphy.thomas@gmail.com,"6568 Virgo Avenue, Cabbage Estates Phase 8",Koronadal,South Cotabato,9506,+63 9181808278
Christine,Sanchez,Christine Sanchez,sanchez.christine@gmail.com,"Block 20 Lot 07 Welch Drive, Dennis Village 7",Koronadal,South Cotabato,9506,+63 9859643608
Thomas,Maxwell,Thomas Maxwell,maxwell.thomas@gmail.com,"Unit 4031 Gardner Residences 3, 2600 45th Road Extension",General Santos,South Cotabato,9500,+63 9357189531
Thomas,Perry,Thomas Perry,perry.thomas@gmail.com,"327 Pao Drive Extension, Pao Cove Phase 1",General Santos,South Cotabato,9500,+63 9490187923
Nancy,Rosales,Nancy Rosales,rosales.nancy@gmail.com,5526 Onyx Avenue,General Santos,South Cotabato,9500,+63 9427480920
Richard,Holland,Richard Holland,holland.richard@gmail.com,"Block 05 Lot 17 Long Homes 4, Wright Drive",Koronadal,South Cotabato,9506,+63 9560201752
Daniel,Brown,Daniel Brown,brown.daniel@gmail.com,6472 Agoho Avenue,Koronadal,South Cotabato,9506,+63 9233813297
Jeffrey,Mcclure,Jeffrey Mcclure,mcclure.jeffrey@gmail.com,438 Aranga Street,General Santos,South Cotabato,9500,+63 9960808501
Jill,Cannon,Jill Cannon,cannon.jill@gmail.com,8087-J Campanilla Road,Koronadal,South Cotabato,9506,+63 9452111164
Terrence,Johnson,Terrence Johnson,johnson.terrence@gmail.com,"8848 Palanan Expressway, Orchid Cove 9",Koronadal,South Cotabato,9506,+63 9948944066
Emily,Stout,Emily Stout,stout.emily@gmail.com,"7358 Banaba Road Extension, Morris Homes 1",Koronadal,South Cotabato,9506,+63 9564546588
Stephanie,Johnson,Stephanie Johnson,johnson.stephanie@gmail.com,1468 Unit I Uranus Avenue,General Santos,South Cotabato,9500,+63 9744413849
Erin,Anderson,Erin Anderson,anderson.erin@gmail.com,"36th Floor Walls Suites 1, 1560 Onyx Road",Koronadal,South Cotabato,9506,+63 9934573808
Randy,Ross,Randy Ross,ross.randy@gmail.com,"Block 10 Lot 96 Bean Estates, Sierra Madre Extension",General Santos,South Cotabato,9500,+63 9882738309
Kyle,Burnett,Kyle Burnett,burnett.kyle@gmail.com,"Block 22 Lot 83 Scott Cove 2, Citrine Road",General Santos,South Cotabato,9500,+63 9909230076
Tracy,Benson,Tracy Benson,benson.tracy@gmail.com,2464 Kalachuchi Street,General Santos,South Cotabato,9500,+63 9851782068
Daniel,Davila,Daniel Davila,davila.daniel@gmail.com,"1121 Banahaw Extension, Narra Homes",General Santos,South Cotabato,9500,+63 9843874226
Bryan,Diaz,Bryan Diaz,diaz.bryan@gmail.com,769 Unit I Bender Street,General Santos,South Cotabato,9500,+63 9276937487
Nicole,Dunn,Nicole Dunn,dunn.nicole@gmail.com,"B15 L97 Earth Street, Arayat Grove",Koronadal,South Cotabato,9506,+63 9629507965
Brett,George,Brett George,george.brett@gmail.com,"Block 12 Lot 14 Champaca Estates Phase 3, Sicaba Drive",General Santos,South Cotabato,9500,+63 9888366888
Nicole,Powell,Nicole Powell,powell.nicole@gmail.com,"Block 03 Lot 96 Polaris Drive Extension, Yang Subdivision",Tacurong,Sultan Kudarat,9800,+63 9319846786
Daniel,Walls,Daniel Walls,walls.daniel@gmail.com,798I Harmon Street,Tacurong,Sultan Kudarat,9800,+63 9630951233
Jessica,Costa,Jessica Costa,costa.jessica@gmail.com,"2nd Floor Opal Residences 2, 8629 Saturn Road",Tacurong,Sultan Kudarat,9800,+63 9938493215
Natalie,Martin,Natalie Martin,martin.natalie@gmail.com,1881 Anderson Road Extension,Tacurong,Sultan Kudarat,9800,+63 9860793374
Michele,Henry,Michele Henry,henry.michele@gmail.com,9616J Agate Street,Tacurong,Sultan Kudarat,9800,+63 9837653412
Rachel,Turner,Rachel Turner,turner.rachel@gmail.com,"Block 24 Lot 58 Ruby Street, Yoder Village",Tacurong,Sultan Kudarat,9800,+63 9398295074
Stephen,Ramirez,Stephen Ramirez,ramirez.stephen@gmail.com,5809 I Pinatubo Road Extension,Tacurong,Sultan Kudarat,9800,+63 9832935527
Jennifer,Rivers,Jennifer Rivers,rivers.jennifer@gmail.com,2366 Sampaloc Street,Tacurong,Sultan Kudarat,9800,+63 9729156371
Christopher,Edwards,Christopher Edwards,edwards.christopher@gmail.com,"4282 69th Street, Kaimito Subdivision 1",Tacurong,Sultan Kudarat,9800,+63 9712421632
Linda,Martinez,Linda Martinez,martinez.linda@gmail.com,7419 Mariveles Street,Tacurong,Sultan Kudarat,9800,+63 9659731957
Lee,Garcia,Lee Garcia,garcia.lee@gmail.com,"3F Constellation Apartments, 7910 73rd Road Extension",Tacurong,Sultan Kudarat,9800,+63 9724804280
Gwendolyn,Gibson,Gwendolyn Gibson,gibson.gwendolyn@gmail.com,4336 Topaz Drive,Tacurong,Sultan Kudarat,9800,+63 9284567880
Dawn,Davis,Dawn Davis,davis.dawn@gmail.com,4380I Dita Street,Tacurong,Sultan Kudarat,9800,+63 9751267015
Gregory,Ramsey,Gregory Ramsey,ramsey.gregory@gmail.com,9249G Moore Street,Tacurong,Sultan Kudarat,9800,+63 9406005690
Joyce,Finley,Joyce Finley,finley.joyce@gmail.com,"Room 438 Brown Place Tower 8, 2617 Pao Street",Tacurong,Sultan Kudarat,9800,+63 9377720620
Anthony,Brown,Anthony Brown,brown.anthony@gmail.com,2566G Agate Street,Tacurong,Sultan Kudarat,9800,+63 9735901384
Crystal,Morgan,Crystal Morgan,morgan.crystal@gmail.com,2528 I 9th Road,Surigao City,Surigao del Norte,8400,+63 9888645735
Dana,Stewart,Dana Stewart,stewart.dana@gmail.com,6297 Amber Boulevard,Surigao City,Surigao del Norte,8400,+63 9595110182
Brian,Mann,Brian Mann,mann.brian@gmail.com,"B23 L47 Leblanc Boulevard, Magnolia Estates",Surigao City,Surigao del Norte,8400,+63 9365599244
Kimberly,Mccormick,Kimberly Mccormick,mccormick.kimberly@gmail.com,"2494 33rd Avenue, Dapdap Village 7",Surigao City,Surigao del Norte,8400,+63 9982220461
Regina,Arnold,Regina Arnold,arnold.regina@gmail.com,9183 Milky Way Street,Surigao City,Surigao del Norte,8400,+63 9121777438
Anthony,Martinez,Anthony Martinez,martinez.anthony@gmail.com,"6308 Cresta Road, Citrine Village 7",Surigao City,Surigao del Norte,8400,+63 9588434273
Martha,Martinez,Martha Martinez,martinez.martha@gmail.com,"Block 01 Lot 32 Bulusan Estates, Azucena Extension",Surigao City,Surigao del Norte,8400,+63 9209995605
Tricia,Brown,Tricia Brown,brown.tricia@gmail.com,"6F Gumamela Building Tower 2, 1844 Narra Avenue",Surigao City,Surigao del Norte,8400,+63 9592609298
Tammie,Peterson,Tammie Peterson,peterson.tammie@gmail.com,"6th Floor Dao Suites 8, 946 Mariveles Drive",Surigao City,Surigao del Norte,8400,+63 9343953123
Cindy,Kennedy,Cindy Kennedy,kennedy.cindy@gmail.com,"4428 72nd Road, Morgan Village Phase 9",Surigao City,Surigao del Norte,8400,+63 9366944434
Elizabeth,Smith,Elizabeth Smith,smith.elizabeth@gmail.com,"B01 L81 2nd Road, Orchid Village Phase 9",Surigao City,Surigao del Norte,8400,+63 9947772326
Robert,Patterson,Robert Patterson,patterson.robert@gmail.com,"B25 L78 Makiling Drive, Batino Estates",Tandag,Surigao del Sur,8300,+63 9100999630
Carl,Hunt,Carl Hunt,hunt.carl@gmail.com,"8877 Sunstone Street, Antares Cove Phase 8",Tandag,Surigao del Sur,8300,+63 9692618721
Jennifer,Dawson,Jennifer Dawson,dawson.jennifer@gmail.com,"Unit 1620 Edwards Place 6, 7219 Tabayoc Street",Tandag,Surigao del Sur,8300,+63 9766479560
Ashley,Williams,Ashley Williams,williams.ashley@gmail.com,"B25 L08 Roth Road, Fisher Grove 2",Tandag,Surigao del Sur,8300,+63 9882963040
Daniel,Jacobs,Daniel Jacobs,jacobs.daniel@gmail.com,"Unit 1520 Kalamansi Place Tower 5, 4836 Amber Road",Tandag,Surigao del Sur,8300,+63 9502894020
Diana,Barker,Diana Barker,barker.diana@gmail.com,"B25 L39 Dapdap Grove, Moonstone Drive",Tandag,Surigao del Sur,8300,+63 9827118683
Phillip,Lopez,Phillip Lopez,lopez.phillip@gmail.com,"3648 Carter Boulevard, Braun Estates",Tandag,Surigao del Sur,8300,+63 9542761773
Randall,Singleton,Randall Singleton,singleton.randall@gmail.com,921E Apo Street,Tandag,Surigao del Sur,8300,+63 9405109750
Danny,Mejia,Danny Mejia,mejia.danny@gmail.com,"1086 Comet Street, Cordillera Subdivision",Tandag,Surigao del Sur,8300,+63 9418268883
David,Davis,David Davis,davis.david@gmail.com,257 Neptune Street,Tandag,Surigao del Sur,8300,+63 9121012151
Linda,Smith,Linda Smith,smith.linda@gmail.com,"Block 15 Lot 91 Saturn Drive, Anderson Subdivision Phase 7",Tandag,Surigao del Sur,8300,+63 9811568921
William,Sanchez,William Sanchez,sanchez.william@gmail.com,"1479 Gloriosa Service Road, Ramirez Village",Tandag,Surigao del Sur,8300,+63 9548626682
Christopher,Jackson,Christopher Jackson,jackson.christopher@gmail.com,"B23 L89 Williams Road, Sullivan Grove 9",Tandag,Surigao del Sur,8300,+63 9577191248
Jason,Fleming,Jason Fleming,fleming.jason@gmail.com,"Block 06 Lot 81 Kalachuchi Cove, 87th Street",Tandag,Surigao del Sur,8300,+63 9575306550
Juan,Brown,Juan Brown,brown.juan@gmail.com,"Block 02 Lot 87 Citrine Street, Coconut Cove 1",Tandag,Surigao del Sur,8300,+63 9227540304
Morgan,Robbins,Morgan Robbins,robbins.morgan@gmail.com,7600 Fields Drive,Tandag,Surigao del Sur,8300,+63 9951448810
Meghan,Bishop,Meghan Bishop,bishop.meghan@gmail.com,"Room 6606 Brown Towers, 7657 Pierce Drive",Tandag,Surigao del Sur,8300,+63 9457543580
Betty,Young,Betty Young,young.betty@gmail.com,8279F Harris Drive Extension,Dapitan,Zamboanga del Norte,7101,+63 9792382616
Daniel,Rodriguez,Daniel Rodriguez,rodriguez.daniel@gmail.com,"5F Allen Place 3, 8729 Rice Street",Dapitan,Zamboanga del Norte,7101,+63 9822721377
Michele,Gray,Michele Gray,gray.michele@gmail.com,"981 Hibok-Hibok Street, Flores Estates",Dipolog,Zamboanga del Norte,7100,+63 9282730883
Heather,Parker,Heather Parker,parker.heather@gmail.com,"6F Brown Residences, 881 80th Road",Dapitan,Zamboanga del Norte,7101,+63 9395957481
Stephanie,Fitzgerald,Stephanie Fitzgerald,fitzgerald.stephanie@gmail.com,"Block 03 Lot 14 Bagtikan Village, 71st Street",Dipolog,Zamboanga del Norte,7100,+63 9348711447
Douglas,Howard,Douglas Howard,howard.douglas@gmail.com,"Block 24 Lot 38 Banaba Cove, Supa Street",Dipolog,Zamboanga del Norte,7100,+63 9419678333
Alexandra,Potter,Alexandra Potter,potter.alexandra@gmail.com,"B17 L30 Duhat Subdivision Phase 6, Hercules Street",Dapitan,Zamboanga del Norte,7101,+63 9559275881
Amanda,Zhang,Amanda Zhang,zhang.amanda@gmail.com,4926 J Cresta Avenue,Dapitan,Zamboanga del Norte,7101,+63 9124976441
Tommy,Brown,Tommy Brown,brown.tommy@gmail.com,"2532 Norman Drive, Amethyst Cove",Dapitan,Zamboanga del Norte,7101,+63 9523126494
Sara,Colon,Sara Colon,colon.sara@gmail.com,"B24 L71 Page Subdivision Phase 6, Sapphire Boulevard",Dapitan,Zamboanga del Norte,7101,+63 9461062920
Todd,Mueller,Todd Mueller,mueller.todd@gmail.com,9507 Milflower Road,Dapitan,Zamboanga del Norte,7101,+63 9812277894
Keith,Elliott,Keith Elliott,elliott.keith@gmail.com,3923 Unit D Miller Avenue,Dipolog,Zamboanga del Norte,7100,+63 9383566878
Kathy,Gomez,Kathy Gomez,gomez.kathy@gmail.com,9880 Unit B Comet Road,Dipolog,Zamboanga del Norte,7100,+63 9716197593
Matthew,Peterson,Matthew Peterson,peterson.matthew@gmail.com,"9937 Halcon Road, Akle Estates Phase 6",Dipolog,Zamboanga del Norte,7100,+63 9992210844
Olivia,Nelson,Olivia Nelson,nelson.olivia@gmail.com,"B20 L97 Amethyst Street, Leo Homes Phase 9",Dapitan,Zamboanga del Norte,7101,+63 9783005982
Tonya,Hurst,Tonya Hurst,hurst.tonya@gmail.com,"Unit 425 Bean Place Tower 6, 1746 Tindalo Street",Dapitan,Zamboanga del Norte,7101,+63 9157248323
Brittany,Kim,Brittany Kim,kim.brittany@gmail.com,"8531 Turquoise Road, Lee Grove 9",Dipolog,Zamboanga del Norte,7100,+63 9317700356
Walter,Joseph,Walter Joseph,joseph.walter@gmail.com,"Block 16 Lot 02 Milflower Avenue, Jupiter Estates Phase 7",Dipolog,Zamboanga del Norte,7100,+63 9310085670
Jill,Walters,Jill Walters,walters.jill@gmail.com,"822 Cresta Street, Dita Village Phase 4",Dapitan,Zamboanga del Norte,7101,+63 9856478424
Zachary,Martinez,Zachary Martinez,martinez.zachary@gmail.com,5208B White Drive,Dipolog,Zamboanga del Norte,7100,+63 9729629056
Alexandra,Wilson,Alexandra Wilson,wilson.alexandra@gmail.com,3777A Polaris Road,Dapitan,Zamboanga del Norte,7101,+63 9520673510
Amy,Porter,Amy Porter,porter.amy@gmail.com,374 Banahaw Boulevard,Dipolog,Zamboanga del Norte,7100,+63 9403707842
Brian,Salazar,Brian Salazar,salazar.brian@gmail.com,"B07 L40 Taylor Extension, Rodgers Estates",Dipolog,Zamboanga del Norte,7100,+63 9522538400
Angela,Rice,Angela Rice,rice.angela@gmail.com,"Block 04 Lot 39 Logan Subdivision 9, Venus Drive Extension",Dapitan,Zamboanga del Norte,7101,+63 9342389733
Damon,Wood,Damon Wood,wood.damon@gmail.com,3671-B Palanan Road,Dipolog,Zamboanga del Norte,7100,+63 9185647091
Melissa,Herrera,Melissa Herrera,herrera.melissa@gmail.com,7789 Unit B Malinao Avenue,Dipolog,Zamboanga del Norte,7100,+63 9565421540
John,Chaney,John Chaney,chaney.john@gmail.com,3031 41st Street,Dipolog,Zamboanga del Norte,7100,+63 9829109679
Wendy,Stevens,Wendy Stevens,stevens.wendy@gmail.com,"9F Akle Building Tower 7, 4545 Garnet Avenue",Dapitan,Zamboanga del Norte,7101,+63 9191258907
Heather,Harrington,Heather Harrington,harrington.heather@gmail.com,5108 Unit I Catmon Street,Dipolog,Zamboanga del Norte,7100,+63 9713621861
Wesley,Morris,Wesley Morris,morris.wesley@gmail.com,"Block 06 Lot 52 Jackson Subdivision, 56th Street",Dapitan,Zamboanga del Norte,7101,+63 9864905281
Anthony,Lewis,Anthony Lewis,lewis.anthony@gmail.com,"Block 20 Lot 98 Polaris Homes 8, Sineguelas Drive",Zamboanga City,Zamboanga del Sur,7000,+63 9989807575
Lisa,Figueroa,Lisa Figueroa,figueroa.lisa@gmail.com,2332 C Newton Street,Zamboanga City,Zamboanga del Sur,7000,+63 9331558963
Kaitlyn,Walters,Kaitlyn Walters,walters.kaitlyn@gmail.com,"93 Walker Road, Gonzalez Estates Phase 7",Pagadian,Zamboanga del Sur,7016,+63 9125760745
Megan,Cruz,Megan Cruz,cruz.megan@gmail.com,"B19 L49 Sicaba Street, Samat Village Phase 9",Zamboanga City,Zamboanga del Sur,7000,+63 9333787417
Brandi,Ortiz,Brandi Ortiz,ortiz.brandi@gmail.com,9373 Makiling Road,Pagadian,Zamboanga del Sur,7016,+63 9426833231
Carly,Christensen,Carly Christensen,christensen.carly@gmail.com,"B25 L30 Campanilla Avenue Extension, Mushroom Village 7",Pagadian,Zamboanga del Sur,7016,+63 9353616547
Amy,Nichols,Amy Nichols,nichols.amy@gmail.com,"Block 14 Lot 90 Smith Road, Ipil Subdivision",Zamboanga City,Zamboanga del Sur,7000,+63 9306868915
Eric,Jordan,Eric Jordan,jordan.eric@gmail.com,"B03 L34 Piña Village Phase 1, Diamond Street",Pagadian,Zamboanga del Sur,7016,+63 9709487129
Aaron,Kramer,Aaron Kramer,kramer.aaron@gmail.com,"48th Floor Kaufman Towers, 63 Malinao Street",Zamboanga City,Zamboanga del Sur,7000,+63 9336007221
Lynn,Chavez,Lynn Chavez,chavez.lynn@gmail.com,6281 Moonstone Drive,Pagadian,Zamboanga del Sur,7016,+63 9499565174
Dave,Griffin,Dave Griffin,griffin.dave@gmail.com,7476-E 13th Street,Zamboanga City,Zamboanga del Sur,7000,+63 9810414906
Sarah,Solomon,Sarah Solomon,solomon.sarah@gmail.com,7186 H 32nd Avenue,Zamboanga City,Zamboanga del Sur,7000,+63 9425917652
Anthony,Briggs,Anthony Briggs,briggs.anthony@gmail.com,"Block 06 Lot 26 Medina Village Phase 4, Melon Drive",Pagadian,Zamboanga del Sur,7016,+63 9181549221
Todd,Mahoney,Todd Mahoney,mahoney.todd@gmail.com,"Unit 1020 Snyder Suites Tower 5, 1546 Dungon Avenue",Zamboanga City,Zamboanga del Sur,7000,+63 9751502193
Ashley,Gardner,Ashley Gardner,gardner.ashley@gmail.com,"B08 L71 Mcdowell Estates Phase 5, Mabolo Street",Pagadian,Zamboanga del Sur,7016,+63 9490362502
Lauren,Greer,Lauren Greer,greer.lauren@gmail.com,"Block 12 Lot 77 Brown Estates Phase 4, Mars Road Extension",Pagadian,Zamboanga del Sur,7016,+63 9368569127
Kenneth,Clark,Kenneth Clark,clark.kenneth@gmail.com,"20F Milflower Place 3, 4876 Coconut Street",Zamboanga City,Zamboanga del Sur,7000,+63 9535759918
Cameron,Arnold,Cameron Arnold,arnold.cameron@gmail.com,"B11 L36 Patel Homes Phase 8, 39th Road",Pagadian,Zamboanga del Sur,7016,+63 9819938045
Dennis,Wright,Dennis Wright,wright.dennis@gmail.com,"Block 07 Lot 89 18th Avenue, Weeks Grove 7",Zamboanga City,Zamboanga del Sur,7000,+63 9421193840
William,Webb,William Webb,webb.william@gmail.com,4880-A Porter Street,Zamboanga City,Zamboanga del Sur,7000,+63 9926272365
John,Davis,John Davis,davis.john@gmail.com,"7078 Dapdap Street, Hercules Homes 5",Pagadian,Zamboanga del Sur,7016,+63 9991005167
Amber,Gonzalez,Amber Gonzalez,gonzalez.amber@gmail.com,"Block 22 Lot 51 Scorpio Estates 1, Guerra Street",Pagadian,Zamboanga del Sur,7016,+63 9794668916
Haley,Ellis,Haley Ellis,ellis.haley@gmail.com,"Block 20 Lot 13 White Estates Phase 9, Little Avenue Extension",Pagadian,Zamboanga del Sur,7016,+63 9595118905
Helen,Larson,Helen Larson,larson.helen@gmail.com,3610 Virgo Avenue,Pagadian,Zamboanga del Sur,7016,+63 9253951180
Joseph,Morris,Joseph Morris,morris.joseph@gmail.com,5213 E Aquamarine Street,Pagadian,Zamboanga del Sur,7016,+63 9254431204
